{"episode_lengths": [200], "initial_reset_timestamp": 1576390286.572954, "timestamps": [1576390293.600436], "episode_types": ["t"], "episode_rewards": [200.0]}