{"initial_reset_timestamp": 1616129004.328471, "timestamps": [1616129009.9160478], "episode_lengths": [200], "episode_rewards": [200.0], "episode_types": ["t"]}